{"latte":{"name":"Latte","dark":false,"colors":{"rosewater":{"hex":"#dc8a78","rgb":{"r":220,"g":138,"b":120},"hsl":{"h":10.8,"s":0.5882353,"l":0.6666667},"accent":true},"flamingo":{"hex":"#dd7878","rgb":{"r":221,"g":120,"b":120},"hsl":{"h":0.0,"s":0.5976331,"l":0.66862744},"accent":true},"pink":{"hex":"#ea76cb","rgb":{"r":234,"g":118,"b":203},"hsl":{"h":316.0345,"s":0.73417723,"l":0.6901961},"accent":true},"mauve":{"hex":"#8839ef","rgb":{"r":136,"g":57,"b":239},"hsl":{"h":266.04395,"s":0.85046726,"l":0.5803922},"accent":true},"red":{"hex":"#d20f39","rgb":{"r":210,"g":15,"b":57},"hsl":{"h":347.07693,"s":0.8666667,"l":0.44117647},"accent":true},"maroon":{"hex":"#e64553","rgb":{"r":230,"g":69,"b":83},"hsl":{"h":354.78262,"s":0.76303315,"l":0.5862745},"accent":true},"peach":{"hex":"#fe640b","rgb":{"r":254,"g":100,"b":11},"hsl":{"h":21.97531,"s":0.9918367,"l":0.51960784},"accent":true},"yellow":{"hex":"#df8e1d","rgb":{"r":223,"g":142,"b":29},"hsl":{"h":34.948452,"s":0.76984125,"l":0.49411765},"accent":true},"green":{"hex":"#40a02b","rgb":{"r":64,"g":160,"b":43},"hsl":{"h":109.23077,"s":0.5763547,"l":0.39803922},"accent":true},"teal":{"hex":"#179299","rgb":{"r":23,"g":146,"b":153},"hsl":{"h":183.23077,"s":0.7386364,"l":0.34509805},"accent":true},"sky":{"hex":"#04a5e5","rgb":{"r":4,"g":165,"b":229},"hsl":{"h":197.06667,"s":0.9656652,"l":0.45686275},"accent":true},"sapphire":{"hex":"#209fb5","rgb":{"r":32,"g":159,"b":181},"hsl":{"h":188.85905,"s":0.69953054,"l":0.41764706},"accent":true},"blue":{"hex":"#1e66f5","rgb":{"r":30,"g":102,"b":245},"hsl":{"h":219.90698,"s":0.9148936,"l":0.5392157},"accent":true},"lavender":{"hex":"#7287fd","rgb":{"r":114,"g":135,"b":253},"hsl":{"h":230.93526,"s":0.97202796,"l":0.71960783},"accent":true},"text":{"hex":"#4c4f69","rgb":{"r":76,"g":79,"b":105},"hsl":{"h":233.7931,"s":0.160221,"l":0.35490197},"accent":false},"subtext1":{"hex":"#5c5f77","rgb":{"r":92,"g":95,"b":119},"hsl":{"h":233.33333,"s":0.12796208,"l":0.4137255},"accent":false},"subtext0":{"hex":"#6c6f85","rgb":{"r":108,"g":111,"b":133},"hsl":{"h":232.8,"s":0.10373444,"l":0.47254902},"accent":false},"overlay2":{"hex":"#7c7f93","rgb":{"r":124,"g":127,"b":147},"hsl":{"h":232.17392,"s":0.09623431,"l":0.53137255},"accent":false},"overlay1":{"hex":"#8c8fa1","rgb":{"r":140,"g":143,"b":161},"hsl":{"h":231.42857,"s":0.10047847,"l":0.5901961},"accent":false},"overlay0":{"hex":"#9ca0b0","rgb":{"r":156,"g":160,"b":176},"hsl":{"h":228.0,"s":0.11235955,"l":0.6509804},"accent":false},"surface2":{"hex":"#acb0be","rgb":{"r":172,"g":176,"b":190},"hsl":{"h":226.66667,"s":0.12162162,"l":0.70980394},"accent":false},"surface1":{"hex":"#bcc0cc","rgb":{"r":188,"g":192,"b":204},"hsl":{"h":225.0,"s":0.13559322,"l":0.76862746},"accent":false},"surface0":{"hex":"#ccd0da","rgb":{"r":204,"g":208,"b":218},"hsl":{"h":222.85715,"s":0.1590909,"l":0.827451},"accent":false},"base":{"hex":"#eff1f5","rgb":{"r":239,"g":241,"b":245},"hsl":{"h":220.0,"s":0.23076923,"l":0.9490196},"accent":false},"mantle":{"hex":"#e6e9ef","rgb":{"r":230,"g":233,"b":239},"hsl":{"h":220.0,"s":0.2195122,"l":0.9196078},"accent":false},"crust":{"hex":"#dce0e8","rgb":{"r":220,"g":224,"b":232},"hsl":{"h":220.0,"s":0.20689656,"l":0.8862745},"accent":false}}},"frappe":{"name":"Frappé","dark":true,"colors":{"rosewater":{"hex":"#f2d5cf","rgb":{"r":242,"g":213,"b":207},"hsl":{"h":10.285714,"s":0.57377046,"l":0.88039213},"accent":true},"flamingo":{"hex":"#eebebe","rgb":{"r":238,"g":190,"b":190},"hsl":{"h":0.0,"s":0.58536583,"l":0.8392157},"accent":true},"pink":{"hex":"#f4b8e4","rgb":{"r":244,"g":184,"b":228},"hsl":{"h":316.0,"s":0.73170733,"l":0.8392157},"accent":true},"mauve":{"hex":"#ca9ee6","rgb":{"r":202,"g":158,"b":230},"hsl":{"h":276.66666,"s":0.59016395,"l":0.7607843},"accent":true},"red":{"hex":"#e78284","rgb":{"r":231,"g":130,"b":132},"hsl":{"h":358.8119,"s":0.67785233,"l":0.7078431},"accent":true},"maroon":{"hex":"#ea999c","rgb":{"r":234,"g":153,"b":156},"hsl":{"h":357.77777,"s":0.6585366,"l":0.7588235},"accent":true},"peach":{"hex":"#ef9f76","rgb":{"r":239,"g":159,"b":118},"hsl":{"h":20.330578,"s":0.7908497,"l":0.7},"accent":true},"yellow":{"hex":"#e5c890","rgb":{"r":229,"g":200,"b":144},"hsl":{"h":39.52941,"s":0.620438,"l":0.73137254},"accent":true},"green":{"hex":"#a6d189","rgb":{"r":166,"g":209,"b":137},"hsl":{"h":95.833336,"s":0.4390244,"l":0.6784314},"accent":true},"teal":{"hex":"#81c8be","rgb":{"r":129,"g":200,"b":190},"hsl":{"h":171.5493,"s":0.3922652,"l":0.64509803},"accent":true},"sky":{"hex":"#99d1db","rgb":{"r":153,"g":209,"b":219},"hsl":{"h":189.09091,"s":0.47826087,"l":0.7294118},"accent":true},"sapphire":{"hex":"#85c1dc","rgb":{"r":133,"g":193,"b":220},"hsl":{"h":198.6207,"s":0.55414015,"l":0.69215685},"accent":true},"blue":{"hex":"#8caaee","rgb":{"r":140,"g":170,"b":238},"hsl":{"h":221.63266,"s":0.74242425,"l":0.7411765},"accent":true},"lavender":{"hex":"#babbf1","rgb":{"r":186,"g":187,"b":241},"hsl":{"h":238.90909,"s":0.6626506,"l":0.8372549},"accent":true},"text":{"hex":"#c6d0f5","rgb":{"r":198,"g":208,"b":245},"hsl":{"h":227.23404,"s":0.70149255,"l":0.8686274},"accent":false},"subtext1":{"hex":"#b5bfe2","rgb":{"r":181,"g":191,"b":226},"hsl":{"h":226.66667,"s":0.4368932,"l":0.7980392},"accent":false},"subtext0":{"hex":"#a5adce","rgb":{"r":165,"g":173,"b":206},"hsl":{"h":228.29268,"s":0.29496402,"l":0.72745097},"accent":false},"overlay2":{"hex":"#949cbb","rgb":{"r":148,"g":156,"b":187},"hsl":{"h":227.6923,"s":0.22285715,"l":0.65686274},"accent":false},"overlay1":{"hex":"#838ba7","rgb":{"r":131,"g":139,"b":167},"hsl":{"h":226.66667,"s":0.16981132,"l":0.58431375},"accent":false},"overlay0":{"hex":"#737994","rgb":{"r":115,"g":121,"b":148},"hsl":{"h":229.09091,"s":0.13360325,"l":0.5156863},"accent":false},"surface2":{"hex":"#626880","rgb":{"r":98,"g":104,"b":128},"hsl":{"h":228.0,"s":0.13274336,"l":0.44313726},"accent":false},"surface1":{"hex":"#51576d","rgb":{"r":81,"g":87,"b":109},"hsl":{"h":227.14285,"s":0.14736842,"l":0.37254903},"accent":false},"surface0":{"hex":"#414559","rgb":{"r":65,"g":69,"b":89},"hsl":{"h":230.0,"s":0.15584415,"l":0.3019608},"accent":false},"base":{"hex":"#303446","rgb":{"r":48,"g":52,"b":70},"hsl":{"h":229.09091,"s":0.18644068,"l":0.23137255},"accent":false},"mantle":{"hex":"#292c3c","rgb":{"r":41,"g":44,"b":60},"hsl":{"h":230.52632,"s":0.18811882,"l":0.19803922},"accent":false},"crust":{"hex":"#232634","rgb":{"r":35,"g":38,"b":52},"hsl":{"h":229.41176,"s":0.1954023,"l":0.17058824},"accent":false}}},"macchiato":{"name":"Macchiato","dark":true,"colors":{"rosewater":{"hex":"#f4dbd6","rgb":{"r":244,"g":219,"b":214},"hsl":{"h":10.0,"s":0.5769231,"l":0.8980392},"accent":true},"flamingo":{"hex":"#f0c6c6","rgb":{"r":240,"g":198,"b":198},"hsl":{"h":0.0,"s":0.5833333,"l":0.85882354},"accent":true},"pink":{"hex":"#f5bde6","rgb":{"r":245,"g":189,"b":230},"hsl":{"h":316.07144,"s":0.7368421,"l":0.8509804},"accent":true},"mauve":{"hex":"#c6a0f6","rgb":{"r":198,"g":160,"b":246},"hsl":{"h":266.51163,"s":0.8269231,"l":0.79607844},"accent":true},"red":{"hex":"#ed8796","rgb":{"r":237,"g":135,"b":150},"hsl":{"h":351.17648,"s":0.73913044,"l":0.7294118},"accent":true},"maroon":{"hex":"#ee99a0","rgb":{"r":238,"g":153,"b":160},"hsl":{"h":355.05884,"s":0.71428573,"l":0.76666665},"accent":true},"peach":{"hex":"#f5a97f","rgb":{"r":245,"g":169,"b":127},"hsl":{"h":21.355932,"s":0.85507244,"l":0.7294118},"accent":true},"yellow":{"hex":"#eed49f","rgb":{"r":238,"g":212,"b":159},"hsl":{"h":40.253166,"s":0.69911504,"l":0.77843136},"accent":true},"green":{"hex":"#a6da95","rgb":{"r":166,"g":218,"b":149},"hsl":{"h":105.21739,"s":0.48251748,"l":0.71960783},"accent":true},"teal":{"hex":"#8bd5ca","rgb":{"r":139,"g":213,"b":202},"hsl":{"h":171.08109,"s":0.46835443,"l":0.6901961},"accent":true},"sky":{"hex":"#91d7e3","rgb":{"r":145,"g":215,"b":227},"hsl":{"h":188.78049,"s":0.5942029,"l":0.7294118},"accent":true},"sapphire":{"hex":"#7dc4e4","rgb":{"r":125,"g":196,"b":228},"hsl":{"h":198.64078,"s":0.656051,"l":0.69215685},